{"cameraMode":{"drawMode":0,"name":"Shaded","section":"Shading Mode"},"sceneLighting":false,"audioPlay":false,"sceneViewState":{"m_AlwaysRefresh":false,"showFog":true,"showSkybox":false,"showFlares":true,"showImageEffects":true,"showParticleSystems":true,"showVisualEffectGraphs":true,"m_FxEnabled":true},"in2DMode":false,"pivot":{"x":-4.703534126281738,"y":2.450924873352051,"z":0.24830593168735505},"rotation":{"x":0.11502199620008469,"y":-0.42283937335014346,"z":0.05420609191060066,"w":0.8972393870353699},"size":3.603928804397583,"orthographic":false}