{"cameraMode":{"drawMode":0,"name":"Shaded","section":"Shading Mode"},"sceneLighting":false,"audioPlay":false,"sceneViewState":{"m_AlwaysRefresh":false,"showFog":true,"showSkybox":false,"showFlares":true,"showImageEffects":true,"showParticleSystems":true,"showVisualEffectGraphs":true,"m_FxEnabled":true},"in2DMode":false,"pivot":{"x":14.856021881103516,"y":2.380000114440918,"z":13.628015518188477},"rotation":{"x":0.11502199620008469,"y":-0.42283937335014346,"z":0.05420609191060066,"w":0.8972393870353699},"size":9.709234237670899,"orthographic":false}